config,algorithm,seed,success_rate,n_steps,learning_rate,clip_range
A2C_n20_lr7e4,A2C,0,0.88,20.0,0.0007,
A2C_n20_lr7e4,A2C,1,0.78,20.0,0.0007,
A2C_n20_lr7e4,A2C,2,0.72,20.0,0.0007,
A2C_n80_lr7e4,A2C,0,0.68,80.0,0.0007,
A2C_n80_lr7e4,A2C,1,0.74,80.0,0.0007,
A2C_n80_lr7e4,A2C,2,0.4,80.0,0.0007,
A2C_n128_lr7e4,A2C,0,0.36,128.0,0.0007,
A2C_n128_lr7e4,A2C,1,0.26,128.0,0.0007,
A2C_n128_lr7e4,A2C,2,0.48,128.0,0.0007,
A2C_n20_lr3e4,A2C,0,0.78,20.0,0.0003,
A2C_n20_lr3e4,A2C,1,0.66,20.0,0.0003,
A2C_n20_lr3e4,A2C,2,0.74,20.0,0.0003,
A2C_n80_lr3e4,A2C,0,0.08,80.0,0.0003,
A2C_n80_lr3e4,A2C,1,0.02,80.0,0.0003,
A2C_n80_lr3e4,A2C,2,0.04,80.0,0.0003,
A2C_n128_lr3e4,A2C,0,0.0,128.0,0.0003,
A2C_n128_lr3e4,A2C,1,0.04,128.0,0.0003,
A2C_n128_lr3e4,A2C,2,0.0,128.0,0.0003,
A2C_n20_lr1e3,A2C,0,0.86,20.0,0.001,
A2C_n20_lr1e3,A2C,1,0.9,20.0,0.001,
A2C_n20_lr1e3,A2C,2,0.82,20.0,0.001,
A2C_n80_lr1e3,A2C,0,0.64,80.0,0.001,
A2C_n80_lr1e3,A2C,1,0.72,80.0,0.001,
A2C_n80_lr1e3,A2C,2,0.6,80.0,0.001,
A2C_n128_lr1e3,A2C,0,0.18,128.0,0.001,
A2C_n128_lr1e3,A2C,1,0.62,128.0,0.001,
A2C_n128_lr1e3,A2C,2,0.5,128.0,0.001,
PPO_lr3e4_clip02,PPO,0,0.82,256.0,0.0003,0.2
PPO_lr3e4_clip02,PPO,1,0.82,256.0,0.0003,0.2
PPO_lr3e4_clip02,PPO,2,0.92,256.0,0.0003,0.2
PPO_lr1e4_clip02,PPO,0,0.52,256.0,0.0001,0.2
PPO_lr1e4_clip02,PPO,1,0.68,256.0,0.0001,0.2
PPO_lr1e4_clip02,PPO,2,0.2,256.0,0.0001,0.2
PPO_lr7e4_clip02,PPO,0,0.9,256.0,0.0007,0.2
PPO_lr7e4_clip02,PPO,1,0.9,256.0,0.0007,0.2
PPO_lr7e4_clip02,PPO,2,0.86,256.0,0.0007,0.2
PPO_lr3e4_clip01,PPO,0,0.96,256.0,0.0003,0.1
PPO_lr3e4_clip01,PPO,1,0.84,256.0,0.0003,0.1
PPO_lr3e4_clip01,PPO,2,0.88,256.0,0.0003,0.1
PPO_lr3e4_clip03,PPO,0,0.84,256.0,0.0003,0.3
PPO_lr3e4_clip03,PPO,1,0.88,256.0,0.0003,0.3
PPO_lr3e4_clip03,PPO,2,0.7,256.0,0.0003,0.3
DQN_baseline,DQN,0,0.96,,0.0005,
DQN_baseline,DQN,1,0.9,,0.0005,
DQN_baseline,DQN,2,0.96,,0.0005,
