map,algorithm,seed,success_rate
map1,A2C,0,0.175
map1,A2C,1,0.77
map1,A2C,2,0.735
map1,A2C,3,0.545
map1,A2C,4,0.75
map1,A2C,5,0.07
map1,A2C,6,0.345
map1,DQN,0,0.985
map1,DQN,1,0.545
map1,DQN,2,0.96
map1,DQN,3,0.78
map1,DQN,4,0.975
map1,DQN,5,1.0
map1,DQN,6,0.855
map1,PPO,0,0.0
map1,PPO,1,0.905
map1,PPO,2,0.735
map1,PPO,3,0.835
map1,PPO,4,0.9
map1,PPO,5,0.345
map1,PPO,6,0.935
map2,A2C,0,0.965
map2,A2C,1,0.925
map2,A2C,2,0.0
map2,A2C,3,0.99
map2,A2C,4,0.83
map2,A2C,5,0.34
map2,A2C,6,0.905
map2,DQN,0,0.98
map2,DQN,1,0.715
map2,DQN,2,0.915
map2,DQN,3,0.995
map2,DQN,4,0.915
map2,DQN,5,0.99
map2,DQN,6,0.93
map2,PPO,0,0.025
map2,PPO,1,0.86
map2,PPO,2,0.94
map2,PPO,3,0.97
map2,PPO,4,0.905
map2,PPO,5,0.975
map2,PPO,6,0.965
map3,A2C,0,0.09
map3,A2C,1,0.005
map3,A2C,2,0.0
map3,A2C,3,0.8
map3,A2C,4,0.005
map3,A2C,5,0.0
map3,A2C,6,0.005
map3,DQN,0,0.0
map3,DQN,1,0.0
map3,DQN,2,0.715
map3,DQN,3,0.0
map3,DQN,4,0.0
map3,DQN,5,0.765
map3,DQN,6,0.26
map3,PPO,0,0.02
map3,PPO,1,0.0
map3,PPO,2,0.0
map3,PPO,3,0.045
map3,PPO,4,0.005
map3,PPO,5,0.17
map3,PPO,6,0.0
