algorithm,seed,success_rate,failure_rate,dynamic_collision_rate,truncation_rate,mean_reward,std_reward,mean_steps,std_steps,mean_steps_success,std_steps_success,mean_steps_failure,std_steps_failure,block_events_total,mean_block_events,std_block_events,mean_dyn_block_steps,std_dyn_block_steps
A2C,0,0.84,0.16,0.0,0.16,4.478399999999997,6.558746629816364,103.76,175.20314609047406,28.285714285714285,30.671287732282497,500.0,0.0,12,0.24,0.5122499389946279,88.28333333333333,93.17939835488195
A2C,1,0.78,0.22,0.0,0.22,3.591015789473678,7.126241428129884,143.48,199.6695510086603,42.92307692307692,71.76685350722445,500.0,0.0,12,0.24,0.5499090833947008,73.27777777777777,70.37707083109834
A2C,2,0.92,0.08,0.0,0.08,5.706815789473683,5.168259443354484,74.22,135.33193119142283,37.19565217391305,52.6525194761216,500.0,0.0,15,0.3,0.6082762530298219,60.18055555555555,74.1769486734671
A2C,3,0.76,0.24,0.0,0.24,3.4000578947368387,6.2329701306040945,153.88,201.49904615158852,44.578947368421055,60.37803346588687,500.0,0.0,11,0.22,0.7820485918406861,63.44444444444445,84.64838312355468
A2C,4,0.82,0.18,0.0,0.18,4.02477894736842,6.441685958008719,124.06,186.70248096905408,41.53658536585366,68.37810859245623,500.0,0.0,14,0.28,0.530659966456864,69.58333333333333,90.79883391729621
A2C,5,0.76,0.24,0.0,0.24,3.203126315789469,7.262865726320406,146.46,203.38389415093812,34.81578947368421,49.92513092682823,500.0,0.0,9,0.18,0.5173006862551025,84.0,84.4262146154008
A2C,6,0.82,0.18,0.0,0.18,-8.87200526315782,92.73505149712328,115.64,181.61395981586878,31.26829268292683,26.004712884533443,500.0,0.0,18,0.36,0.6248199740725323,71.73809523809523,93.95485479329434
PPO,0,0.86,0.14,0.0,0.14,4.802826315789471,6.017238359804119,105.68,172.452363277515,41.48837209302326,71.75357444885327,500.0,0.0,16,0.32,0.8818163074019442,96.51851851851852,96.04954497114099
PPO,1,0.84,0.16,0.0,0.16,4.258994736842103,6.698524028042745,100.6,175.47261894666073,24.523809523809526,21.979685529227186,500.0,0.0,18,0.36,0.8662563131083088,48.375757575757575,70.00108093091696
PPO,2,0.86,0.14,0.0,0.14,4.6283157894736835,6.908099121788445,97.34,166.71995801343041,31.790697674418606,40.368395501025354,500.0,0.0,20,0.4,0.938083151964686,84.65151515151514,74.82820238012998
PPO,3,0.84,0.16,0.0,0.16,4.401068421052626,6.557717615123075,113.64,184.94785859803838,40.04761904761905,82.89808785805342,500.0,0.0,11,0.22,0.46,94.58333333333334,93.28743663180661
PPO,4,0.9,0.1,0.0,0.1,5.194752631578946,5.641768711095964,88.98,150.00286530596674,43.31111111111111,64.37764353915357,500.0,0.0,16,0.32,0.7332121111929344,69.07575757575756,80.8108017218684
PPO,5,0.86,0.14,0.0,0.14,4.560331578947363,6.731252888035565,92.68,165.55318661988963,26.372093023255815,21.548240370413406,500.0,0.0,25,0.5,1.4177446878757824,33.53333333333333,45.861918358868884
PPO,6,0.88,0.12,0.0,0.12,5.453705263157891,5.7276499541074335,80.42,155.3411844940034,23.204545454545453,11.89075184077285,500.0,0.0,11,0.22,0.5015974481593781,40.888888888888886,74.02497910073461
DQN,0,0.9,0.1,0.0,0.1,5.706789473684208,5.525664682946815,74.5,146.49112601110008,27.22222222222222,38.62865308946421,500.0,0.0,9,0.18,0.4770744176750626,57.19047619047619,69.31275041155496
DQN,1,0.96,0.04,0.0,0.04,6.770099999999998,3.7954786065634694,41.76,94.97085026469965,22.666666666666668,16.774650186781507,500.0,0.0,10,0.2,0.4472135954999579,36.74074074074073,47.20621369901405
DQN,2,0.96,0.04,0.0,0.04,6.966999999999997,3.3694292734540294,42.74,95.71975971553627,23.6875,21.658482027833806,500.0,0.0,7,0.14,0.4004996878900157,16.694444444444443,10.559100282004717
DQN,3,0.96,0.04,0.0,0.04,6.5563736842105245,3.99022889924794,48.18,97.33728781921138,29.354166666666668,31.765081446543707,500.0,0.0,13,0.26,0.6873136110975834,14.040740740740741,3.761198186347293
DQN,4,0.92,0.08,0.0,0.08,5.838626315789473,5.071456628620952,75.22,147.8932439295318,38.28260869565217,81.97392561144811,500.0,0.0,13,0.26,0.6873136110975834,66.61111111111111,80.23430195294618
DQN,5,0.96,0.04,0.0,0.04,6.711405263157895,3.9400432470206987,44.18,100.43837712747055,25.1875,38.604650113900355,500.0,0.0,10,0.2,0.4898979485566356,13.916666666666668,3.689323936863109
DQN,6,0.86,0.14,0.0,0.14,5.192994736842104,6.187327805800064,88.84,166.98315603676917,21.906976744186046,20.5503510449147,500.0,0.0,12,0.24,0.6499230723708768,83.27777777777777,93.55958027764123
