algorithm,seed,wall_time_sec,wall_time_min,ram_used_gb,ram_delta_gb,steps_per_sec
A2C,0,1286.4,21.44,1.59,0.08,777.4
A2C,1,1291.2,21.52,1.59,0.0,774.5
A2C,2,1277.6,21.29,1.58,-0.01,782.7
A2C,3,1257.5,20.96,1.6,0.02,795.2
A2C,4,1266.5,21.11,1.61,0.01,789.6
A2C,5,1288.0,21.47,1.6,-0.01,776.4
A2C,6,1271.4,21.19,1.61,0.01,786.5
PPO,0,1707.9,28.47,1.59,-0.02,585.5
PPO,1,1675.3,27.92,1.62,0.03,596.9
PPO,2,1700.0,28.33,1.62,0.0,588.2
PPO,3,1778.8,29.65,1.61,-0.01,562.2
PPO,4,1724.3,28.74,1.61,0.0,579.9
PPO,5,1749.9,29.17,1.6,-0.01,571.5
PPO,6,1709.2,28.49,1.61,0.02,585.1
DQN,0,1279.0,21.32,1.64,0.03,781.8
DQN,1,1290.1,21.5,1.65,0.01,775.2
DQN,2,1256.8,20.95,1.68,0.03,795.7
DQN,3,1259.2,20.99,1.67,0.0,794.1
DQN,4,1259.3,20.99,1.67,0.01,794.1
DQN,5,1242.8,20.71,1.68,0.01,804.7
DQN,6,1255.9,20.93,1.69,0.01,796.2
