reward_config,algorithm,seed,success_rate,note
baseline,A2C,0,0.78,
baseline,A2C,1,0.8,
baseline,A2C,2,0.9,
baseline,PPO,0,0.9,
baseline,PPO,1,0.88,
baseline,PPO,2,0.92,
baseline,DQN,0,0.98,
baseline,DQN,1,0.88,
baseline,DQN,2,0.96,
no_rf,A2C,0,0.76,
no_rf,A2C,1,0.86,
no_rf,A2C,2,0.78,
no_rf,PPO,0,0.88,
no_rf,PPO,1,0.88,
no_rf,PPO,2,0.9,
no_rf,DQN,0,0.88,
no_rf,DQN,1,0.94,
no_rf,DQN,2,0.92,
no_rdelta,A2C,0,0.2,
no_rdelta,A2C,1,0.12,
no_rdelta,A2C,2,0.04,
no_rdelta,PPO,0,0.3,
no_rdelta,PPO,1,0.12,
no_rdelta,PPO,2,0.24,
no_rdelta,DQN,0,0.92,
no_rdelta,DQN,1,0.88,
no_rdelta,DQN,2,0.94,
low_rdelta,A2C,0,0.9,
low_rdelta,A2C,1,0.84,
low_rdelta,A2C,2,0.82,
low_rdelta,PPO,0,0.84,reconstructed from the reported configuration mean (0.860); per-seed log entry missing
low_rdelta,PPO,1,0.88,
low_rdelta,PPO,2,0.86,
low_rdelta,DQN,0,0.92,
low_rdelta,DQN,1,0.92,
low_rdelta,DQN,2,0.92,
high_rdelta,A2C,0,0.76,
high_rdelta,A2C,1,0.8,
high_rdelta,A2C,2,0.8,
high_rdelta,PPO,0,0.88,
high_rdelta,PPO,1,0.84,
high_rdelta,PPO,2,0.82,
high_rdelta,DQN,0,0.92,
high_rdelta,DQN,1,0.92,
high_rdelta,DQN,2,0.92,
no_rp,A2C,0,0.84,
no_rp,A2C,1,0.8,
no_rp,A2C,2,0.84,
no_rp,PPO,0,0.9,
no_rp,PPO,1,0.9,
no_rp,PPO,2,0.88,
no_rp,DQN,0,0.96,
no_rp,DQN,1,0.92,
no_rp,DQN,2,0.98,
