algorithm,seed,timestep,success_rate,mean_reward,mean_steps
DDQN,0,20000,0.2,-4.1134736842105415,426.6
DDQN,0,40000,0.9,6.363355263157891,101.2
DDQN,0,60000,0.8,5.541421052631579,132.0
DDQN,0,80000,0.95,7.03075,70.0
DDQN,0,100000,0.75,4.015960526315787,150.95
DDQN,0,120000,0.75,4.862052631578942,141.55
DDQN,0,140000,0.9,7.154934210526314,77.3
DDQN,0,160000,0.95,7.629578947368422,63.1
DDQN,0,180000,0.85,5.975828947368424,113.65
DDQN,0,200000,0.9,5.4579999999999975,144.75
DDQN,0,220000,0.95,7.69096052631579,46.15
DDQN,0,240000,0.9,6.721368421052629,71.0
DDQN,0,260000,0.95,7.249000000000002,68.1
DDQN,0,280000,0.95,7.323289473684208,57.05
DDQN,0,300000,1.0,8.411842105263158,31.9
DDQN,0,320000,0.95,7.312907894736844,55.7
DDQN,0,340000,1.0,8.25278947368421,42.6
DDQN,0,360000,1.0,7.34919736842105,89.3
DDQN,0,380000,0.95,7.331131578947367,64.4
DDQN,0,400000,0.95,7.70640789473684,48.8
DDQN,0,420000,1.0,8.28832894736842,37.6
DDQN,0,440000,0.9,6.337868421052634,91.4
DDQN,0,460000,0.95,7.424776315789478,56.75
DDQN,0,480000,1.0,8.577421052631578,23.0
DDQN,0,500000,1.0,8.35461842105263,26.85
DDQN,0,520000,1.0,8.600065789473685,22.15
DDQN,0,540000,1.0,8.424315789473685,27.55
DDQN,0,560000,0.95,7.274118421052632,51.55
DDQN,0,580000,1.0,8.562184210526315,34.6
DDQN,0,600000,1.0,8.552842105263156,24.7
DDQN,0,620000,1.0,8.539394736842107,26.7
DDQN,0,640000,1.0,8.295407894736844,40.3
DDQN,0,660000,1.0,7.341842105263159,76.05
DDQN,0,680000,1.0,8.56707894736842,23.0
DDQN,0,700000,0.95,7.613092105263158,53.1
DDQN,0,720000,1.0,8.011092105263158,56.8
DDQN,0,740000,1.0,8.558460526315788,29.5
DDQN,0,760000,0.9,6.6450131578947325,80.45
DDQN,0,780000,0.95,7.245105263157893,70.15
DDQN,0,800000,1.0,7.987328947368421,51.0
DDQN,0,820000,1.0,8.496421052631579,23.85
DDQN,0,840000,1.0,8.629999999999999,26.95
DDQN,0,860000,1.0,8.27927631578947,33.7
DDQN,0,880000,0.95,6.987,72.75
DDQN,0,900000,1.0,8.590131578947368,25.75
DDQN,0,920000,1.0,8.547789473684212,30.05
DDQN,0,940000,0.95,7.81386842105263,48.25
DDQN,0,960000,1.0,8.715263157894736,23.5
DDQN,0,980000,0.9,6.984184210526313,70.5
DDQN,0,1000000,1.0,8.350644736842105,38.5
DDQN,1,20000,0.45,-0.8604473684210683,301.2
DDQN,1,40000,0.6,1.7703815789473645,255.9
DDQN,1,60000,0.75,3.5974999999999953,166.05
DDQN,1,80000,0.85,5.535394736842101,109.65
DDQN,1,100000,0.85,5.257763157894732,127.05
DDQN,1,120000,0.65,2.92093421052631,210.5
DDQN,1,140000,0.6,2.6605921052631603,224.7
DDQN,1,160000,0.65,3.3049473684210517,224.7
DDQN,1,180000,0.95,7.53444736842105,59.0
DDQN,1,200000,0.85,5.059236842105262,149.75
DDQN,1,220000,0.95,7.849973684210525,47.45
DDQN,1,240000,1.0,8.160934210526317,38.35
DDQN,1,260000,1.0,8.491907894736842,26.95
DDQN,1,280000,1.0,8.399894736842105,24.5
DDQN,1,300000,1.0,8.135302631578949,31.85
DDQN,1,320000,0.95,7.788355263157894,49.55
DDQN,1,340000,1.0,8.190973684210526,26.8
DDQN,1,360000,1.0,8.053184210526315,35.1
DDQN,1,380000,0.95,8.002921052631578,49.05
DDQN,1,400000,1.0,8.086644736842107,37.05
DDQN,1,420000,1.0,8.63411842105263,24.2
DDQN,1,440000,0.95,7.000144736842104,85.7
DDQN,1,460000,0.95,7.311460526315784,55.2
DDQN,1,480000,0.95,7.112710526315787,87.0
DDQN,1,500000,0.95,7.505776315789474,53.2
DDQN,1,520000,0.95,7.826947368421052,47.0
DDQN,1,540000,1.0,7.996157894736844,38.0
DDQN,1,560000,1.0,8.633815789473685,23.65
DDQN,1,580000,0.95,7.71673684210526,50.6
DDQN,1,600000,1.0,8.190697368421052,45.9
DDQN,1,620000,0.95,7.863052631578945,48.55
DDQN,1,640000,1.0,8.407960526315788,23.75
DDQN,1,660000,0.95,7.373473684210531,60.85
DDQN,1,680000,1.0,8.367092105263158,37.1
DDQN,1,700000,0.95,7.499934210526315,50.5
DDQN,1,720000,0.9,5.969092105263157,108.45
DDQN,1,740000,0.95,7.885013157894737,46.8
DDQN,1,760000,0.95,7.397842105263161,53.0
DDQN,1,780000,0.95,7.480342105263158,65.1
DDQN,1,800000,1.0,7.97832894736842,51.0
DDQN,1,820000,0.95,7.893276315789471,53.55
DDQN,1,840000,1.0,8.331592105263157,34.1
DDQN,1,860000,0.95,7.520342105263159,48.1
DDQN,1,880000,0.95,6.934434210526314,75.0
DDQN,1,900000,0.95,7.532631578947371,47.4
DDQN,1,920000,1.0,8.320855263157895,25.2
DDQN,1,940000,1.0,8.044710526315788,37.65
DDQN,1,960000,0.95,7.693460526315791,47.2
DDQN,1,980000,1.0,7.948394736842106,41.7
DDQN,1,1000000,1.0,8.452434210526317,25.7
DDQN,2,20000,0.75,3.3770131578947344,163.45
DDQN,2,40000,0.85,5.4260526315789495,127.3
DDQN,2,60000,0.95,6.767263157894734,93.35
DDQN,2,80000,0.9,6.3900131578947335,111.1
DDQN,2,100000,0.8,5.30247368421052,119.9
DDQN,2,120000,0.7,3.565894736842098,167.95
DDQN,2,140000,0.7,3.619513157894736,178.1
DDQN,2,160000,0.85,5.820223684210525,118.35
DDQN,2,180000,0.85,5.729710526315781,107.4
DDQN,2,200000,1.0,8.40357894736842,24.5
DDQN,2,220000,1.0,7.842921052631579,66.15
DDQN,2,240000,0.95,6.947302631578952,64.6
DDQN,2,260000,0.95,7.250144736842103,59.55
DDQN,2,280000,0.9,6.788289473684214,70.6
DDQN,2,300000,1.0,7.8966710526315795,45.2
DDQN,2,320000,1.0,8.478684210526314,24.35
DDQN,2,340000,1.0,8.273105263157895,38.25
DDQN,2,360000,0.95,6.357907894736841,95.5
DDQN,2,380000,1.0,8.588671052631579,26.1
DDQN,2,400000,1.0,8.486513157894738,32.5
DDQN,2,420000,0.95,7.557,46.75
DDQN,2,440000,1.0,8.303894736842105,42.65
DDQN,2,460000,1.0,7.965513157894735,46.85
DDQN,2,480000,0.95,7.5015789473684205,48.4
DDQN,2,500000,1.0,8.41080263157895,29.3
DDQN,2,520000,1.0,8.55578947368421,23.7
DDQN,2,540000,0.95,7.935697368421049,46.85
DDQN,2,560000,1.0,8.645697368421052,22.9
DDQN,2,580000,1.0,8.255052631578948,27.75
DDQN,2,600000,0.95,8.02682894736842,46.1
DDQN,2,620000,0.9,6.769671052631577,76.9
DDQN,2,640000,1.0,8.192407894736842,44.4
DDQN,2,660000,1.0,8.560197368421054,27.8
DDQN,2,680000,1.0,8.623315789473683,28.1
DDQN,2,700000,1.0,7.980960526315791,58.05
DDQN,2,720000,1.0,8.502526315789472,26.8
DDQN,2,740000,1.0,8.601947368421053,25.05
DDQN,2,760000,1.0,7.831013157894736,60.25
DDQN,2,780000,0.95,7.202105263157897,70.8
DDQN,2,800000,0.95,7.644092105263155,53.45
DDQN,2,820000,1.0,8.387263157894736,35.75
DDQN,2,840000,1.0,8.092736842105264,45.9
DDQN,2,860000,1.0,8.580631578947367,23.1
DDQN,2,880000,0.95,7.164197368421052,71.85
DDQN,2,900000,1.0,8.486723684210526,24.2
DDQN,2,920000,1.0,7.885486842105263,57.1
DDQN,2,940000,1.0,8.228592105263157,45.7
DDQN,2,960000,0.9,6.536499999999995,74.55
DDQN,2,980000,0.9,6.735289473684203,69.8
DDQN,2,1000000,0.95,7.166289473684209,65.5
DDQN,3,20000,0.6,1.4169605263157816,296.5
DDQN,3,40000,0.7,3.334499999999995,227.1
DDQN,3,60000,0.9,6.471855263157894,78.0
DDQN,3,80000,0.9,7.300539473684208,70.35
DDQN,3,100000,0.8,5.088999999999999,119.85
DDQN,3,120000,0.7,3.09293421052631,180.2
DDQN,3,140000,0.9,6.863565789473681,88.8
DDQN,3,160000,0.9,6.299842105263159,96.7
DDQN,3,180000,0.6,1.833289473684204,225.65
DDQN,3,200000,0.7,2.5334078947368446,191.55
DDQN,3,220000,0.95,7.499815789473684,47.1
DDQN,3,240000,1.0,7.735368421052631,64.7
DDQN,3,260000,0.95,7.02396052631579,66.9
DDQN,3,280000,1.0,7.674407894736841,52.65
DDQN,3,300000,1.0,8.093499999999999,44.95
DDQN,3,320000,1.0,8.189644736842105,35.15
DDQN,3,340000,1.0,8.445605263157892,33.75
DDQN,3,360000,0.95,6.9277500000000005,76.15
DDQN,3,380000,0.85,6.020039473684212,98.7
DDQN,3,400000,1.0,8.33582894736842,34.75
DDQN,3,420000,1.0,8.444736842105263,27.45
DDQN,3,440000,1.0,8.57592105263158,23.2
DDQN,3,460000,1.0,8.676526315789472,25.6
DDQN,3,480000,1.0,8.040013157894737,55.2
DDQN,3,500000,0.95,7.251789473684212,61.35
DDQN,3,520000,1.0,8.651802631578947,22.6
DDQN,3,540000,1.0,8.535802631578948,28.5
DDQN,3,560000,0.95,7.059921052631582,79.25
DDQN,3,580000,1.0,8.32890789473684,34.7
DDQN,3,600000,1.0,8.617842105263158,21.3
DDQN,3,620000,1.0,8.227842105263157,41.35
DDQN,3,640000,1.0,7.897315789473682,58.3
DDQN,3,660000,1.0,8.14398684210526,41.85
DDQN,3,680000,0.9,6.997802631578944,79.0
DDQN,3,700000,0.95,7.736815789473681,50.75
DDQN,3,720000,0.85,5.682881578947366,103.65
DDQN,3,740000,1.0,8.656460526315788,22.7
DDQN,3,760000,1.0,8.207368421052632,44.25
DDQN,3,780000,1.0,8.614302631578948,24.9
DDQN,3,800000,1.0,8.328697368421054,28.65
DDQN,3,820000,1.0,8.490552631578948,27.5
DDQN,3,840000,1.0,8.284052631578946,39.2
DDQN,3,860000,0.95,7.200026315789472,88.1
DDQN,3,880000,1.0,8.220078947368421,26.3
DDQN,3,900000,1.0,8.493723684210526,23.4
DDQN,3,920000,0.95,7.262328947368421,49.7
DDQN,3,940000,1.0,8.57661842105263,22.95
DDQN,3,960000,0.95,7.639342105263156,53.9
DDQN,3,980000,1.0,8.575026315789476,23.1
DDQN,3,1000000,1.0,8.300802631578946,35.8
DDQN,4,20000,0.55,0.8240789473684129,269.9
DDQN,4,40000,0.85,4.745052631578945,148.05
DDQN,4,60000,0.95,6.764907894736839,110.4
DDQN,4,80000,0.75,4.448328947368419,176.65
DDQN,4,100000,0.95,7.6522499999999996,51.4
DDQN,4,120000,0.8,6.031631578947367,120.75
DDQN,4,140000,0.95,7.9107631578947375,49.55
DDQN,4,160000,0.8,5.595013157894735,119.2
DDQN,4,180000,0.95,7.187236842105262,70.25
DDQN,4,200000,0.85,6.15840789473684,113.25
DDQN,4,220000,0.9,6.366328947368414,88.55
DDQN,4,240000,1.0,7.861315789473681,58.1
DDQN,4,260000,0.95,7.738828947368421,49.8
DDQN,4,280000,0.95,6.129657894736841,130.95
DDQN,4,300000,0.95,7.629842105263156,48.2
DDQN,4,320000,0.95,7.935052631578946,48.15
DDQN,4,340000,1.0,7.998881578947367,57.5
DDQN,4,360000,0.95,7.851157894736841,54.25
DDQN,4,380000,0.95,7.536631578947367,61.45
DDQN,4,400000,0.95,7.691894736842106,55.85
DDQN,4,420000,0.95,8.08796052631579,47.25
DDQN,4,440000,1.0,8.129644736842103,47.65
DDQN,4,460000,0.95,7.60471052631579,52.85
DDQN,4,480000,1.0,8.245486842105263,29.7
DDQN,4,500000,1.0,8.400394736842104,28.45
DDQN,4,520000,1.0,8.64665789473684,23.35
DDQN,4,540000,1.0,7.934907894736843,56.35
DDQN,4,560000,1.0,8.336355263157895,27.35
DDQN,4,580000,1.0,8.323723684210526,42.1
DDQN,4,600000,0.95,7.643855263157891,48.55
DDQN,4,620000,0.95,7.178223684210525,60.0
DDQN,4,640000,1.0,8.463013157894737,24.9
DDQN,4,660000,1.0,8.197486842105263,47.55
DDQN,4,680000,0.95,7.677565789473685,51.9
DDQN,4,700000,0.95,7.258013157894736,64.4
DDQN,4,720000,0.9,6.867763157894734,83.2
DDQN,4,740000,1.0,8.576144736842105,28.4
DDQN,4,760000,1.0,8.090868421052631,34.05
DDQN,4,780000,0.95,7.28575,63.6
DDQN,4,800000,1.0,8.384684210526315,24.7
DDQN,4,820000,1.0,8.263342105263158,24.1
DDQN,4,840000,1.0,8.259947368421054,32.2
DDQN,4,860000,1.0,8.157763157894735,41.8
DDQN,4,880000,1.0,8.490907894736841,27.65
DDQN,4,900000,1.0,8.31446052631579,34.65
DDQN,4,920000,1.0,8.44896052631579,29.55
DDQN,4,940000,0.95,7.373947368421054,50.2
DDQN,4,960000,1.0,8.503263157894738,27.8
DDQN,4,980000,0.95,7.4575921052631555,52.75
DDQN,4,1000000,1.0,8.154013157894735,39.0
DDQN,5,20000,0.35,-0.9014605263157893,377.65
DDQN,5,40000,0.8,4.167210526315786,183.65
DDQN,5,60000,0.8,5.11957894736842,139.25
DDQN,5,80000,0.95,7.611736842105262,59.9
DDQN,5,100000,0.8,4.824131578947362,145.9
DDQN,5,120000,1.0,8.549052631578947,24.5
DDQN,5,140000,0.9,6.51586842105263,105.05
DDQN,5,160000,0.85,5.65692105263158,135.85
DDQN,5,180000,0.85,6.0304736842105235,106.65
DDQN,5,200000,1.0,8.34971052631579,27.0
DDQN,5,220000,0.95,7.699644736842105,49.8
DDQN,5,240000,1.0,8.622486842105264,24.6
DDQN,5,260000,1.0,8.190421052631578,28.2
DDQN,5,280000,0.95,7.647486842105262,51.75
DDQN,5,300000,1.0,8.313144736842103,37.95
DDQN,5,320000,0.95,7.61886842105263,49.2
DDQN,5,340000,0.95,7.614052631578946,49.0
DDQN,5,360000,1.0,8.450750000000003,29.75
DDQN,5,380000,1.0,8.116236842105263,27.15
DDQN,5,400000,1.0,8.14725,39.35
DDQN,5,420000,1.0,8.143342105263159,30.2
DDQN,5,440000,1.0,8.31330263157895,29.75
DDQN,5,460000,1.0,8.00286842105263,44.5
DDQN,5,480000,1.0,7.658763157894738,48.9
DDQN,5,500000,1.0,8.270894736842106,40.85
DDQN,5,520000,1.0,8.372631578947368,35.2
DDQN,5,540000,1.0,7.853460526315788,62.6
DDQN,5,560000,1.0,8.274249999999999,30.85
DDQN,5,580000,1.0,8.089973684210523,45.05
DDQN,5,600000,0.95,7.7853815789473675,49.05
DDQN,5,620000,1.0,8.225828947368422,35.15
DDQN,5,640000,1.0,8.414315789473685,28.05
DDQN,5,660000,0.95,7.741250000000001,47.35
DDQN,5,680000,1.0,8.24478947368421,28.65
DDQN,5,700000,0.95,7.701276315789476,50.5
DDQN,5,720000,1.0,7.858118421052632,52.7
DDQN,5,740000,1.0,8.46242105263158,28.7
DDQN,5,760000,1.0,8.52732894736842,25.65
DDQN,5,780000,0.95,7.108749999999999,66.85
DDQN,5,800000,0.95,7.541000000000001,49.05
DDQN,5,820000,0.95,7.672763157894737,55.85
DDQN,5,840000,0.95,7.799184210526318,47.75
DDQN,5,860000,0.95,7.614434210526317,50.65
DDQN,5,880000,0.9,6.924618421052631,70.95
DDQN,5,900000,1.0,8.554144736842106,34.25
DDQN,5,920000,1.0,8.24790789473684,36.7
DDQN,5,940000,1.0,8.634671052631578,23.7
DDQN,5,960000,0.95,7.829223684210525,46.2
DDQN,5,980000,0.95,7.372894736842109,60.8
DDQN,5,1000000,1.0,8.630605263157895,24.15
DDQN,6,20000,0.45,-1.3803684210526441,353.05
DDQN,6,40000,0.75,3.8264078947368354,179.8
DDQN,6,60000,0.95,7.257144736842102,81.5
DDQN,6,80000,0.85,5.613868421052625,99.85
DDQN,6,100000,0.75,4.498236842105262,144.85
DDQN,6,120000,0.8,5.28069736842105,116.4
DDQN,6,140000,0.9,6.5982894736842095,96.4
DDQN,6,160000,0.8,4.679421052631577,139.45
DDQN,6,180000,0.95,6.917947368421051,65.85
DDQN,6,200000,0.9,6.812723684210525,94.35
DDQN,6,220000,0.9,6.324342105263159,107.35
DDQN,6,240000,0.95,8.01115789473684,46.7
DDQN,6,260000,0.95,7.380118421052627,59.95
DDQN,6,280000,1.0,7.860092105263158,50.15
DDQN,6,300000,0.95,7.482947368421053,50.75
DDQN,6,320000,1.0,8.094631578947368,50.7
DDQN,6,340000,1.0,8.291592105263158,38.05
DDQN,6,360000,1.0,8.505684210526315,39.1
DDQN,6,380000,0.95,7.736092105263158,48.0
DDQN,6,400000,0.95,6.940394736842104,77.0
DDQN,6,420000,0.95,7.4506447368421025,59.55
DDQN,6,440000,0.85,5.768039473684204,110.9
DDQN,6,460000,1.0,8.299368421052632,46.3
DDQN,6,480000,1.0,8.244947368421053,32.2
DDQN,6,500000,1.0,8.404802631578947,35.4
DDQN,6,520000,1.0,8.643605263157893,27.8
DDQN,6,540000,1.0,8.231592105263157,40.15
DDQN,6,560000,1.0,8.12975,38.15
DDQN,6,580000,1.0,8.51532894736842,26.95
DDQN,6,600000,1.0,8.433763157894736,36.85
DDQN,6,620000,1.0,7.9903947368421075,46.55
DDQN,6,640000,0.95,7.4990921052631565,57.7
DDQN,6,660000,1.0,8.528736842105262,27.7
DDQN,6,680000,1.0,8.344855263157894,28.15
DDQN,6,700000,0.95,7.862842105263157,46.25
DDQN,6,720000,0.9,6.721460526315793,74.25
DDQN,6,740000,1.0,8.13473684210526,45.1
DDQN,6,760000,1.0,8.435894736842105,36.25
DDQN,6,780000,0.95,7.939355263157893,51.0
DDQN,6,800000,1.0,8.51659210526316,26.35
DDQN,6,820000,1.0,8.546302631578946,29.9
DDQN,6,840000,0.95,6.814565789473685,84.4
DDQN,6,860000,1.0,8.1785,24.55
DDQN,6,880000,1.0,8.073,44.75
DDQN,6,900000,0.95,7.660592105263156,49.8
DDQN,6,920000,0.95,7.67263157894737,48.65
DDQN,6,940000,1.0,8.338986842105264,24.1
DDQN,6,960000,1.0,8.227881578947366,36.4
DDQN,6,980000,1.0,8.548605263157894,28.15
DDQN,6,1000000,0.95,7.976144736842107,45.65
